-- MySQL dump 10.15  Distrib 10.0.12-MariaDB, for Linux (x86_64)
--
-- Host: localhost    Database: proyekta
-- ------------------------------------------------------
-- Server version	10.0.12-MariaDB-log

/*!40101 SET @OLD_CHARACTER_SET_CLIENT=@@CHARACTER_SET_CLIENT */;
/*!40101 SET @OLD_CHARACTER_SET_RESULTS=@@CHARACTER_SET_RESULTS */;
/*!40101 SET @OLD_COLLATION_CONNECTION=@@COLLATION_CONNECTION */;
/*!40101 SET NAMES utf8 */;
/*!40103 SET @OLD_TIME_ZONE=@@TIME_ZONE */;
/*!40103 SET TIME_ZONE='+00:00' */;
/*!40014 SET @OLD_UNIQUE_CHECKS=@@UNIQUE_CHECKS, UNIQUE_CHECKS=0 */;
/*!40014 SET @OLD_FOREIGN_KEY_CHECKS=@@FOREIGN_KEY_CHECKS, FOREIGN_KEY_CHECKS=0 */;
/*!40101 SET @OLD_SQL_MODE=@@SQL_MODE, SQL_MODE='NO_AUTO_VALUE_ON_ZERO' */;
/*!40111 SET @OLD_SQL_NOTES=@@SQL_NOTES, SQL_NOTES=0 */;

--
-- Table structure for table `buku`
--

DROP TABLE IF EXISTS `buku`;
/*!40101 SET @saved_cs_client     = @@character_set_client */;
/*!40101 SET character_set_client = utf8 */;
CREATE TABLE `buku` (
  `ISBN` varchar(20) NOT NULL DEFAULT '',
  `judul` varchar(100) NOT NULL,
  `pengarang` varchar(100) DEFAULT NULL,
  `penerbit` varchar(30) DEFAULT NULL,
  `sinopsis` text,
  `cover` text,
  `stok` int(3) DEFAULT NULL,
  `bs` tinyint(1) DEFAULT '0',
  `harga` decimal(19,0) DEFAULT NULL,
  `kategori` varchar(15) DEFAULT NULL,
  PRIMARY KEY (`ISBN`)
) ENGINE=InnoDB DEFAULT CHARSET=utf8;
/*!40101 SET character_set_client = @saved_cs_client */;

--
-- Dumping data for table `buku`
--

LOCK TABLES `buku` WRITE;
/*!40000 ALTER TABLE `buku` DISABLE KEYS */;
INSERT INTO `buku` VALUES ('578-579-592-580-4','Sifat Wudhu & Shalat Nabi','Syaikh Muhammad Fadh & Syaikh Abdul Aziz Bin Baz','Pustaka Al-Kautsar','Shalat mempunyai banyak keutamaan dan kedudukan yang sangat penting di dalam Islam. Ia adalah amalan yang pertama kali di hisab nanti pada hari kiamat. Dan, seseorang bias dihukumi sebagai kafir jika dia meremehkankewajibannya serta dengan sengaja enggan melaksanakannya. Namun sangat disayangkan jika ternyata shalat kita tidak sesuai yang disyariatkan, karena akan sia-sia itulah, Rasulullah Shallallahu ‘Alaihi wa Sallam bersabda, “Shalatlah kamu sebagaimana kamu lihat aku Shalat” { HR. Al-Bukhari}\r\n\r\nDiantara syarat sah shalat adalah wudhu. Tanpa wudhu, shalat seseorang tidak akan diterima Allah Subhanahu wa Ta’ala. Kata Nabi,” Tidak diterima shalat yang tanpa bersuci(wudhu)”. {HR.Muslim}. Untuk itu,betapa pentingnya bagi kita untuk mengetahui tatacara wudhu yang benar, agar shalat kita diterima oleh-Nya. Dalam buku kecil yang ditulis dua Ulama besar ini, anda akan mendapatkan bagaimana cara wudhu dan shalat sesuai tuntunan Rasulullah shallallahu’Alaihi wa Sallam.','578-579-592-580-4.jpg',5,0,25000,'fiqh'),('978-602-8062-75-6','Silsilah Hadits Shahih (Sepaket)','Syaikh Muhammad Nashiruddin Al-Albani','Pustaka Imam Syafii','Tak ada yang meragukan keahlian Syaikh Muhammad Nashiruddin Al-Albani rahimahullah dalam penelitian hadits, salah satu karya besar beliau dalam bidang ilmu hadits adalah Silsilah al-Ahaadiits ash-Shahiihah yang kemudian dikenal dengan Ash-Shahiihah.\r\n\r\nAsh-Shahiihah adalah hadits-hadits yang beliau kumpulkan dari berbagai kitab hadits yang haditsnya berderajat Hasan dan Shahih. \r\n\r\nDalam penyusunannya beliau membuat bab-bab yang terdiri dari satu atau lebih hadits kemudian beliau terangkan Takhrij-nya dan beliau keluarkan dari hadits tersebut hukum-hukumnya. Kitab tersebut akhirnya menjadi salah satu rujukan dalam menentukan derajat suatu hadits.\r\n\r\nSyaikh Masyhur Hasan Alu Salman (salah satu murid beliau) mengumpulkan seluruh matan hadits dari kitab tersebut dan meletakkan hadits-hadits sesuai dengan pembagian bab yang telah disusun Syaikh al-Albani rahimahullah dalam daftar isi kitabnya (Silsilah al-Ahaadiits ash-Shahiihah). \r\n\r\nTujuannya agar orang-orang yang tidak memiliki spesialisasi keilmuan dalam ilmu hadits dapat membaca dan menelaah kitab ini dengan mudah. Sekaligus kitab ini menjadi bekal bagi para peneliti, para khathib, da\'i dan para pemberi nasihat. Karena dengan memisahkan takhrij sanad hadits yang panjang dari matannya pada kitab as-Shahiihah ini, mereka dapat mencari hadits yang mereka inginkan dengan cepat dan mudah. ','978-602-8062-75-6.jpg',5,0,324000,'hadits'),('978-602-8062-80-0','Syarah Arba\'in An-Nawawi','Yazid bin Abdul Qadir Jawas','Pustaka Imam Syafii','Imam an-Nawawi , siapa yang tidak kenal dengan sosok ulama yang sangat tekun menuntut ilmu dan banyak meninggalkan karya tulis bermutu ini? Kepakarannya di bidang hadits tidak ada yang meragukan. Salah satu karyanya yang sering dibaca, dipelajari, dan ditelaah para ulama adalah al-Arba’in an-Nawawiyyah, kitab yang memuat empat puluhan hadits pilihan yang mengandung jawaami’ul kalim (perkataan ringkas namun luas dan padat maknanya). Maka, tidak heran apabila banyak ulama sepeninggalnya seakan berlomba-lomba dalam menulis syarah (penjelasan) terhadap kandungan hadits-hadits di dalamnya. Ini menandakan keberkahan ilmu beliau, yang merupakan buah dari keikhlasannya. Sekaligus juga, betapa penting dan bermanfaatnya kitab itu bagi umat.\r\n\r\nBuku ini termasuk salah satu upaya baik penulisnya untuk ikut andil dalam mempopulerkan kitab Imam an-Nawawi tersebut, sebagaimana dilakukan para ulama terdahulu. Dalam buku ini penulis memberi judul pada setiap hadits, men-takhrij dan menjelaskan kedudukannya masing-masing, mensyarahnya satu per satu, bahkan menerangkan kaidah-kaidah beserta faedah-faedah tiap-tiap hadits itu yang disimpulkan oleh para ulama dan masyayikh (syaikh), serta tidak lupa mencantumkan referensi-referensinya. Demikianlah nilai keunggulan buku ini.\r\n\r\nMelalui buku ini, kiranya umat Islam dapat mengambil pelajaran yang berharga dari 42 pesan Rasulullah  yang berbentuk sabda di dalamnya, untuk kemudian mengamalkan perintah-perintah beliau tersebut, dan dengan itu pula diharapkan larangan-larangan beliau akan ditinggalkan dengan sendirinya.','978-602-8062-80-0.jpg',8,0,126000,'hadits'),('978-602-9183-40','Syarah Riyadhush Shalihin (Sepaket)','Syaikh Salim bin \'Ied Al-Hilaly','Pustaka Imam Syafii','Kitab Riyâdhush Shâlihîn karya Imam an-Nawawi merupakan salah satu kitab hadits yang paling sarat kandungannya dan populer di kalangan masyarakat. Begitu pentingnya kandungan kitab tersebut, banyak ulama yang menyusun kitab Syarah tersendiri untuk men­jelaskan hadits-haditsnya, baik dari sudut pandang riwayah maupun dirayah. Salah satunya adalah kitab yang ada di tangan Anda sekarang; Bahjatun Nâzhirîn Syarh Riyâdish Shâlihîn, yang kami terjemahkan menjadi Syarah Riyadush Shalihin. Selain untuk menyempurnakan karya Imam an-Nawawi di bidang hadits nabawi, kitab yang disusun oleh Syaikh Salim bin ‘Ied al-Hilali ini juga bertujuan melengkapi kitab-kitab Syarah yang pernah diterbitkan.\r\n\r\nPada kitab yang diterbitkan dalam lima jilid ini, penyusun men-jelaskan hadits-hadits Nabi shallallaahu ‘alaihi wasallam yang akan membimbing setiap Muslim dalam beribadah kepada Allah dan bermuamalah dengan sesama, serta dalam meningkatkan kualitas keimanan dan kesucian jiwa mereka menuju insan yang mulia di sisi-Nya.\r\n\r\nDibandingkan dengan kitab-kitab Syarah lainnya, keunggulan kitab ini ada pada penyusunannya yang telah melalui tahapan-tahapan ilmiah. Di samping itu, pembahasan setiap haditsnya disertai dengan takhrij, makna kosa kata, dan penjelasan kandungan hadits, semua itu disusun secara sistematis dan singkat, sehingga pembaca dapat dengan mudah memahami kandungan setiap haditsnya secara utuh.\r\n\r\nDengan membaca dan mengamalkan kandungan kitab ini, insya Allah, kita akan terbantu untuk menjadi pribadi-pribadi Muslim yang lebih istiqamah dalam mencapai kesempurnaan ‘ubudiyah kepada Allah. ','978-602-9183-40.jpg',19,0,540000,'hadits'),('978-602-9183-597','Bersemilah Ramadhan','Armen Halim Naro','Pustaka Imam Syafii','Ramadhan adalah bulan yang tepat untuk menanam amal. Ia ibarat musim bercocok tanam, tanahnya subur, airnya banyak, hamanya telah menjauh dari ladang. \r\n Di antaranya puasa, shalat tarawih, baca al-Qur-an, berjihad fii sabilillah, bersedekah, dan berdzikir. Pahala ibadah dilipatgandakan. Dan ada lailatul qadar, inilah malam kemuliaan yang hanya terjadi pada bulan Ramadhan. Pada bulan ini orang-orang shalih memperbanyak ibadah kepada Allah dengan berbagai macam ibadah fisik, hati, maupun harta. ','978-602-9183-597.jpg',23,0,9000,'lain-lain'),('978-979-3536-','Syarah Asmaul Husna','Dr. Sa’id bin ‘Ali bin Wahf al-Qahthani','Pustaka Imam Syafii','Mengetahui Asmaul Husna dengan baik dan memahaminya dengan benar merupakan salah satu metode terbaik dalam mengenal Allah Ta\'ala. Bahkan, merupakan metode yang sah dan akurat, dikarenakan Allah sendiri yang memperkenalkan diri-Nya dengannya. Sesungguhnya tidak ada yang lebih mengetahui tentang Allah, kecuali diri-Nya sendiri.\r\n\r\nDengan mengenal asma\'-asma\'-Nya yang mulia dan indah, dzat-Nya yang ghaib akan semakin jelas dan dekat. Apabila diikuti dengan pengamalan dalam beribadah kepada-Nya sesuai dengan petunjuk Rasul-Nya, hal itu akan menjadi penguat iman yang paling besar. Semakin mendalam pemahaman seseorang tentang Asmaul Husna, semakin kuatlah imannya kepada-Nya. Semakin sering dia mengamalkannya dalam berdo’a dan beribadah, semakin dekatlah dia kepada-Nya.\r\nBahkan, hal itu dapat mengantarkannya masuk Surga. \r\n\r\nRasulullah shallallaahu \'alaihi wasallam bersabda: “Sesungguhnya Allah memiliki 99 asma\', siapa saja yang menghafal dan mengamalkannya, pasti ia masuk Surga.” \r\n(HR. Al-Bukhari dan Muslim)\r\n\r\nUntuk lebih mendekatkan ummat Islam kepada Rabbnya melalui asma\'-asma\'-Nya yang indah dan untuk tujuan-tujuan di atas, kami menerbitkan sebuah risalah tentang Asmaul Husna dan penjelasannya berdasarkan al-Qur-an dan as-Sunnah, yang kami beri judul Syarah Asmaul Husna, terjemahan kitab Syarhul Asmaa’ al-Husnaa fii Dhau-il Kitaab was Sunnah.\r\n\r\nKitab yang ditulis oleh Dr. Sa’id bin ‘Ali bin Wahf al-Qahthani tersebut membahas seluk beluk Asmaul Husna secara rinci, mulai dari menentukan Asmaul Husna, mengimaninya, memahaminya, menentukan jumlahnya, menguraikan maknanya, cara mengamalkannya, dan sebagainya, hingga ditutup dengan fatwa-fatwa tentangnya.\r\n\r\nKelebihan buku ini terletak pada pembahasannya yang selalu dilandasi dengan al-Qur-an dan as-Sunnah, sesuai dengan pemahaman Salafush Shalih, khususnya dalam masalah Asmaul Husna sehingga terhindar dari pemahaman yang menyesatkan. Hal ini penting karena tidak sedikit orang yang tersesat jalan dalam memahami masalah yang sama.','978-979-3536-.jpg',41,1,36000,'aqidah'),('978-979-592-175','Tarikh Khulafa','Imam As-Suyuthi','Pustaka Al-Kautsar','Zaman terus berputar , peristiwa sejarah akan berulang, tempat dan situasinya yang berbeda. Putaran zaman mempergilirkan antaran kebaikan dan keburukan. Dan kondisi suatu zaman akan sangat dipengaruhi oleh siapa yang menjadi pemimpinnya saat itu. Hal ini dapat kita saksikan pada perjalanan umat islam dari semenjak masa kenabian, masa khulafa’urrasyidin serta masa kedinastian Bani Umayyah dan Bani Abbasiyah.\r\n\r\nKekhilafahan mengalami masa keemasan pada masa-masa khulafa’urrasyidin terutama pada masa Khalifah Abu bakar, Umar dan setengah dari masa kekhilafahan Utsman bin Affan.Setelah berakhirnya masa khulafa’urrasyidin, kekhilafahan berpindahsecara turun temurun, adakalanya berada di tangan orang yang zhalim dan durhakan. Namun bagaimanapun kondisi mereka  tetap lebih baik disbanding dengan masa pasca kejatuhan khilafah.Imam As-Suyuthi, seorang ulama besar yang hidup antara tahun 849-911 H, mengungkap perikehidupan para khalifah (penguasa) berdasarkanperiwayatan yang terpercaya dan komentar-komentar para ulama yang langsung menjadi pelaku sejarah. Karya beliau  merupakan warisan yang sangat berharga karena kaya dengan pelajaran yang mendalam dan menjadi rujukan sepanjang zaman bagi umat yang ingin memahami sejarah para penguasa pendahulunya.','978-979-592-1752.jpg',13,0,98000,'tarikh'),('978-979-592-3183','Pengantar Studi Ilmu Hadits','Syaikh Manna','Pustaka Al-Kautsar','Buku yang membahaskan seputar asas-asas penting pengetahuan ilmu-ilmu hadits, kedudukannya, pengertiannya, pembukuan hadits-hadits Nabi, perkembangannya, dan persoalan yang berkaitan dengannya. Ini adalah seperti ilmu rawi/rijal, sanad, al-Jarhu wa at-Ta\'dil, Gharib al-Hadits, ilmu \'illal, Mukhtlaf hadits, musthalah al-hadits, istilah-istilah dalam ilmu hadits, penerimaan hadits, ilmu takhrij, dan segala yang berkaitan dengannya.\r\n \r\nBuku yang mampu membantu kita dalam mengenal dan memahami sesuatu hadits itu sampai dengan kedudukan tertentu seperti sahih, hasan, dha\'if, atau maudhu\'. Boleh digunakan sebagai hujah atau sebaliknya. Tidak setiap apa yang disandarkan kepada Nabi itu terus boleh diterima pakai tanpa sembarang penelitian.','978-979-592-3183.jpg',12,0,35000,'hadits'),('978-979-592-5','Umar bin Abdul Aziz','DR. Ali Muhammad Ash-Shallabi','Pustaka Al-Kautsar','“Umar bin Abdul Aziz hanya menjabat khalifah selama tiga puluh bulan saja. Namun hasil dari kepemimpinannya sungguh terlihat. Banyak orang kaya yang kecewa di masanya, karena tidak menemukan orang-orang fakir untuk dibantu. Karena Umar bin Abdul Aziz sudah memberikan kecukupan kepada seluruh masyarakat ketika itu.” (Ibnu Abdil Hakam dalam Sirah Umar bin Abdul Aziz)\r\n\r\n“Setiap awal seratus tahun Allah mengutus orang yang akan membetulkan perkara agama umat ini. Kami pun memperhatikan di masa seratus tahun pertama, ternyata dia adalah Umar bin Abdul Aziz.” (Imam Az-Zuhri dan Ahmad bin Hambal)\r\n\r\n“Demi Allah, aku sangat ingin seandainya dapat berlaku adil walaupun hanya satu hari, dan Allah mencabut nyawaku pada saat itu.” (Umar bin Abdul Aziz)','978-979-592-5.jpg',35,0,109000,'tarikh'),('978-979-592-570-5','Syarah Hisnul Muslim','Syaikh Majdi Abdul Wahab Al-Ahmad','Pustaka Al-Kautsar','Islam mengajarkan umatnya untuk senantiasa berdoa kepada Allah Azza wa Jalla, dalam senang ataupun susah, bahagia atau derita. Dari mulai bangun tidur, hingga tidur kembali, Islam menganjurkan berbagai dzikir dan doa yang dapat menjadi perisai dalam menghadapi segala cobaan kehidupan sekaligus menjadi penentram jiwa saat dilanda gundah.\r\n\r\nMukmin yang senantiasa berdoa adalah orang yang senantiasa menyerahkan urusannya kepada Allah dalam setiap keadaan. Ia memohon petunjuk, pertolongan, dan ampunan-Nya saat berada dalam khilaf dan dosa. Allah Yang Maha Rahman dan Rahim, sangat memuliakan hamba-Nya yang senantiasa berdoa dan memohon pada-Nya.\r\n\r\nBuku Syarah Hisnul Muslim min Adzkar Al-Kitab wa As-Sunnah karya Syaikh Majdi bin Abdul Wahab Al-Ahmad yang ada di hadapan Anda, adalah penjelasan detail tentang kumpulan doa-doa harian yang ma’tsur, berdasarkan Al-Qur’an dan As-Sunnah serta atsar para sahabat Radhiyallahu Anhum. Layaknya buku syarah, keterangan mengenai hadits tersebut dijelaskan secara detil, dengan merujuk kepada pendapat para ulama salaf.\r\n\r\nBuku ini sangat layak Anda miliki sebagai panduan dalam bermunajat kepada Allah dalam berbagai keadaan, setiap harinya. Agar kehidupan yang kita jalani selalu dalam lindungan dan naungan-Nya.','978-979-592-570-5.jpg',32,0,60000,'fiqh'),('978-979-592-579','Sejarah Lengkap Rasulullah','Prof. DR. Ali Muhammad Ash-Shalabi','Pustaka Al-Kautsar','Mempelajari sejarah kehidupan dan perjuangan Rasulullah Shallahu Alaihi wa Sallam bukan sekedar mengetahui seperti peristiwa-peristiwa besar yang terjadi pada masa lampau, seperti kajian sejarah pada umumnya. Tetapi ada tujuan lebih besar dari sekedar mengetahui rentetan sejarah belaka.\r\n\r\nKajian sejarah Nabi Muhammad harus memberikan gambaran komprehensif tentang bagaimana konsep kehidupan itu harus direncanakan dan bagaimana kehidupan ideal sesuai ridha Allah itu harus diraih dan diupayakan. Dengan memahami sejarah beliau, kita dapat mengetahui makna sebenarnya dari ajaran dan prinsip Islam.\r\n\r\nMelalui buku ini, pembaca dapat menggali catatan berharga bagi perkembangan dakwah Islam selanjutnya. Buku ini begitu istimewa karena tidak hanya menampilkan narasi kisah sejarah an sich. Lebih dari itu, di dalamnya tertuang berbagai analisa dan eksplorasi nilai-nilai keislaman yang mumpuni. Melalui pemahaman sirah nabawiyyah (sejarah Nabi Muhammad) yang tepat, setiap muslim akan mendaptkan gambaran utuh dan paripurna tentang hakikat Islam, serta memiliki semangat juang untuk merebut kembali kejayaan yang pernah dimiliki umat Islam. Semoga!','978-979-592-5798.jpg',54,0,250000,'tarikh'),('978-979-592-5842','Ar-Risalah','Imam Asy-Syafii','Pustaka Al-Kautsar','Jalaluddin Al-Suyuthi berkata, \"Disepakati bahwa Asy-Syafi\'i adalah peletak batu pertama ilmu ushul fikih yang lengkap dan independen. Dia orang pertama yang menulis ilmunya secara tersendiri.\" Imam Ahmad bin Muhammad bin hambal menyatakan, \"Dulu, fikih itu terkunci pada ahlinya saja, hingga kemudian Allah membukakannya dengan Asy-Syafi\'i.\"\r\n\r\nDemikianlah, melalui kitab Ar-Risalah, Imam Asy-Syafi\'i telah meletakkan pondasi pertama penulisan dan kodifikasi ilmu ushul fikih, menjelaskan ketentuan-ketentuannya ini serta memperjelas gambarannya. Di dalam Ar-Risalah, Imam Asy-Syafi\'i berbicara tentang Al-Qur\'an dan penjelasannya. Dia pun mengemukakan bahwa banyak dalil mengenai keharusan berargumentasi berdasarkan Al-Qur\'an dan As-Sunnah.\r\n\r\nImam Asy-Syafi\'i menulis Ar-Risalah dengan teliti, mendalam, setiap pendapatnya didasarkan dalil, dan mendiskusikan pendapat yang berbeda secara ilmiah, sempurna, dan mengagumkan. Sehingga kitab Ar-Risalah ini menjadi rujukan penting para pakar dan ulama. Siapa pun yang membaca dan menelaahnya, maka dia akan mendapatkan ilmu dan wawasan luas dalam kajian fikih. Imam Al-Muzani (salah satu murid Imam Asy-Syafi\'i) pernah mengatakan, \"Selama lima puluh tahun aku mendalami kitab Ar-Risalah, dan setiap menelaahnya, aku mendapatkan tambahan ilmu yang belum kuketahui sebelumnya.\" Semoga kita semua pun dapat mengambil manfaat darinya.','978-979-592-5842.jpg',21,0,88000,'fiqh'),('978-979-592-594','Kelengkapan Tarikh Rasulullah','Ibnu Qayyim Al-Jauziyyah','Pustaka Al-Kautsar','Imam Ibnu Qayyim Al-Jauziyah benar-benar berhasil menghidangkan sejarah Rasulullah yang membuat siapa saja betah berlama-lama membacanya. Bahasa buku ini mudah dimengerti, bahasan setiap tema tidak bertele-tele atau membosankan. Buku ini tidak sekedar berbicara tentang alur kehidupan sejarah Rasulullah dari A sampai Z. Tapi, juga memuat analisa-analisa menarik dan mendalam yang menjadi ciri khas Ibnul Qayyim Al-Jauziyah.\r\n\r\nKitab \"Jami as-Sirah\" ini menjadi pelengkap kitab-kitab sejarah Rasulullah yang sudah Anda miliki. Membaca sejarah Rasulullah adalah awal langkah bagi kita untuk makin mencintai beliau. Sebab, dengan begitu kita akan memahami berbagai keteladanan dan kemuliaan beliau.','978-979-592-5941.jpg',43,0,130000,'tarikh'),('978-979-592-6','Piagam Madinah : Konstitusi Tertulis Pertama di Dunia','H.Zainal Abidin Ahmad','Pustaka Al-Kautsar','Lima belas abad yang lalu Nabi Muhammad Shallallahu Alaihi wa Sallam telah mencontohkan prinsip konstitusionalisme dalam perjanjiannya dengan segenap warga Yatsrib (Madinah). Piagam Madinah inilah konstitusi tertulis pertama di dunia. Ia nyaris 6 abad mendahului Magna Charta, dan hampir 12 abad mendahului Konstitusi Amerika Serikat ataupun Prancis. Dalam buku ini, Pembaca bisa menengok langsung Piagam Madinah sebagai charter, undang-undang, perjanjian, sekaligus konstitusi negara yang lengkap.\r\n\r\nSelain menyediakan teks asli Piagam Madinah berikut terjemahannya dalam bahasa Indonesia, Penulis juga memaparkan analisis, amendemen-amendemen, penilaian para cendekiawan Muslim dan nonmuslim terhadap piagam ini, serta keistimewaannya. Yang unik, Penulis juga mengutip berbagai terjemahannya oleh para orientalis dalam bahasa Inggris, Belanda, dan Prancis.\r\n\r\nPembaca yang budiman dimanjakan pula dengan adanya lampiran daftar konstitusi negara-negara di dunia, serta lampiran indeks guna memudahkan pencarian nama-nama. Selamat membaca!','978-979-592-6.jpg',2,1,49000,'tarikh'),('978-979-592-6580','Tafsir Ayat-Ayat Ahkam','Syaikh Ahmad M. Al-Hushari','Pustaka Imam Syafii','Al-Qur\'an sebagai tuntunan dan pedoman hidup manusia, banyak menawarkan ide-ide cemerlang untuk kenyamanan dan kebahagiaan umat manusia. Ide tersebut meliputi seluruh sisi kehidupan, terutama sisi yang mengenai masalah hukum. Pembicaraan Al-Qur\'an tentang hukum mencakup hukum normatif dan hukum alam (sunnatullah). Hukum normatif meliputi masalah ibadah, muamalah, dan sebagainya. Sedangkan hukum alam meliputi pertanyaan dan perbincangan Al-Qur\'an mengenai fenomena alam semesta.\r\n\r\nDi antara tema yang diangkat dalam buku ini, adalah tentang permasalahan ibadah, muamalah, jihad, serta hukum pidana dan perdata. Dengan menggunakan bahasa yang mudah dipahami, mendalam, dan penggunaan ayat Al-Qur\'an yang berkaitan dengan teks-teks syariat, baik dalam hal menjelaskan perintah, larangan, hukum mubah, dan hukum-hukum lain yang berkaitan dengan melaksanakan perbuatan atau meninggalkan. Penulis juga menekankan tentang peran nash-nash Al-Qur\'an dalam menafsirkan hukum-hukum syariat.','978-979-592-6580.jpg',12,0,84000,'lain-lain'),('978-979-592-6603','Syarah Pengantar Studi Ilmu Tafsir Ibnu Taimiyah','Syaikh M Shalih Al-Utsaimin, dkk','Pustaka Al-Kautsar','Dalam menafsirkan Al-Qur’an, terdapat sejumlah prinsip dasar yang biasanya menjadi perhatian seorang mufassir. Di antaranya; Kesesuaian dengan kaidah bahasa Arab, penggabungan antara riwayah dan dirayah, mendahulukan penafsiran dengan ayat-ayat yang lain, menafsirkan dengan hadits, mengedepankan pendapat sahabat dibanding pendapat pribadi, mencermati asbabun nuzulnya, dan lain-lain.\r\n\r\nKitab “Muqaddimah fi Ushul At-Tafsir” atau biasa dikenal sebagai “Muqaddimah At-Tafsir” saja, merupakan satu karya fenomenal Syaikhul Islam Ibnu Taimiyah rahimahullah dalam bidang ilmu tafsir yang banyak dijadikan rujukan oleh para ulama setelah beliau. Bahkan, sebagian ulama menganggapnya sebagai salah satu kitab pelopor dalam bidang ilmu ushul tafsir. Kitabnya memang tidak seberapa besar. Tetapi isinya sangat besar manfaatnya. Tak kurang, Ibnu Katsir, As-Suyuthi, dan AI-Qasimi pun menukilnya dalam kitab mereka. \r\n\r\nDikarenakan isinya yang sangat penting untuk diketahui para pencinta ilmu, khususnya mereka yang mendalami ilmu tafsir, banyak ulama yang mensyarahkannya. Dan, buku yang ada di hadapan Anda ini, adalah salah satunya. Bahkan, bukan hanya seorang, buku ini merupakan kumpulan syarah dari beberapa ulama besar, yang tentu lebih besar pula faidahnya bagi Anda.','978-979-592-6603.jpg',32,0,84000,'lain-lain'),('978-979-592-6733','Pengantar Studi Fiqh Islam','Dr. Muhammad Yusuf Musa','Pustaka Al-Kautsar','Ilmu fikih adalah satu disiplin ilmu yang sangat penting kedudukannya dalam kehidupan umat Islam. Fikih termasuk ilmu yang muncul pada awal berkembangnya agama Islam. Secara esensial, fikih sudah ada pada masa Nabi Muhammad Shallallahu Alaihi wa Sallam, walaupun belum menjadi sebuah disiplin ilmu tersendiri. Sebab semua persoalan keagamaan yang muncul waktu itu langsung ditanyakan kepada Rasulullah. Maka seketika itu solusi persoalan langsung teratasi, dengan bersumber pada Al-Qur’an dan sunnah Nabi. Setelah wafatnya Nabi, ilmu fikih mulai muncul, seiring dengan timbulnya permasalahan-permasalahan yang muncul di tengah-tengah umat dan membutuhkan sebuah hukum melalui jalan istinbath.\r\n\r\n\r\nBuku ini bisa dikatakan sebagai buku pengantar sejarah perkembangan fikih Islam, karena isinya membahas perjalanan fikih Islam dari awal, terbentuknya madzhab-madzhab, hingga fikih untuk masa depan. Buku sangat layak dijadikan referensi atau sebagai pengantar dalam mengenal fikih Islam bagi para mahasiswa','978-979-592-6733.jpg',11,0,49000,'fiqh'),('979-3536-82-8','Tafsir Juz Amma Tanpa Tajwid','Dr.Muhammad Sulaiman Abdullah ','Pustaka Imam Syafii','Tafsir juz \'amma tanpa tajwid','979-3536-82-8.jpg',21,0,22500,'lain-lain'),('979-592--096-0','Minhajul Qashidin','Ibnu Qudamah','Pustaka Al-Kautsar','Al-Imam Jamaluddin Ibnul Jauzi, sebagai ulama yang sangat menonjol, menulis kitab Minhajul Qashidin yang amat lengkap bahasanya dan luas cakupannya. Di dalamnya terkandung uraian yang amat bermanfaat terhadap masalah-masalah yang lekat dengan kehidupan keseharian. Mengingat besarnya kandunagn dari kitab beliau, maka Ibnu Qudamah pun menyajikan mukhtashar (ringkasan) ini yang di dalamnya terkandung berbagai sasaran.\r\n\r\nJika anda seorang khatib, maka kitab ini merupakan referensi utama sebagai materi khutbah yang tak ada habisnya digali. Jika anda seorang da’I atau mubaligh, maka kitab ini menjadi materi dakwah sehari-hari. Dan jika anda hanya sekedar pencari ilmu dan kebenaran, maka kitab ini merupakan tambang ilmu yang kedalamannya tak habis-habis kita gali.\r\n\r\nBuku ini tersaji dalam empat materi pokok, Bab I masalah ibadah, Bab II masalah adat kebiasaan sehari-hari, Bab III tentang hal-hal yang merusak. Dan Bab terakhir tentang hal-hal yang menyelamatkan. Dengan menguasai empat materi pokok ini dan mengamalkannya, rasanya cukup sudah bekal kita dalam meniti jalan keselamatan.','979-592--096-0.jpg',23,1,85000,'aqidah'),('979-592-110-x','Madarijus Salikin','Ibnu Qayyim Al-Jauziyyah','Pustaka Al-Kautsar','Layaknya seorang musafir yang menempuh suatu perjalanan menuju tempat nan jauh, yang harus mempersiapkan bekal dan perlengkapannya, begitu pula perjalanan manusia menuju Allah. Bukankah hidup di dunia adalah perjalanan yang agris finish-nya ada di haribaan Allah ? Setiap hembusan nafas, setiap gerakan, setiap prilaku dan bahkan setiap lintasan hati sama dengan setiap ayunan kaki. Tidak ada yang terlewatkan secara sia-sia, semua tercatat dalam kitab dan kelak akan dihisab.\r\n\r\nLayaknya suatu perjalanan mendaki di permukaan bumi yang harus melewati etape-etape dan tempat-tempat persinggahan, begitu pula perjalanan menuju Allah. Etape dan persinggahan, yang juga disebut dengan istilah manzilah ini harus dilewati setiap hamba\r\nDalam hidupnya dalam perjalanan menuju Allah. Semua ini merupakan penjabaran yang di saripatikan Ibnu-Qayyim dari Iyyaka Na’budu wa Iyyaka Nas’tain, sepenggal ayat yang menjadi inti dari segala inti.\r\n\r\nTentunya anda pernah mendengar istilah ahli thariqah, atau masalah ilmu ladunny, atau pembahasan tentang ilmul-yaqin, haqqul-yaqin, atau istilah-istilah lain yang lekat dengan dunia sufi dan ilmu thariqah. Jika anda belum mendengar dan mengetahuinya, atau pernah mengetahuinya tapi tidak terpuasi, maka silahkan baca kitab ini.','979-592-110-x.jpg',34,1,98000,'aqidah'),('979-592-118-5','The Choice','Ahmad Deedat','Pustaka Al-Kautsar','Ahmed Deedat merupakan dai dan kristolog terkemuka dunia, melalui tangannya sudah ribuan orang yang menjadi muslim. Bagi tokoh – tokoh Nasrani Internasional, baik yang suka maupun yang membecinya, begitu heran akan kemampuan Ahmed Deedat  dalam menangkap pesan-pesan ajaran Islam dan Kristen.Bahkan kemampuan memahami Bibel jauh di atas pendeta sekalipun.\r\n\r\nTidak Heran di pentas perdebatan teologi Islam dan Kristen, Nama Ahmed Deedat menjaidi paling terkemuka. Padahal Deedat hanya seorang imigran yang miskindari India, yang kemudian menjadi warga kelasdua di negeri Afrika Selatan  yang kala itu masih rasialis. Dalam karya terbesarnya ini, THE CHOICE , Ahmed Deedat berhasil memperoleh penghargaan dari King Faishal Award, semacam hadiah Nobel dari Pemerintah Saudi Arabia.\r\n\r\nBuku ini pula telah sukses dan beredar luas di berbagai benua dan telah di cetak puluhan kali dengan oplah ratusan ribu hingga jutaan eksemplar.','979-592-118-5.jpg',37,1,77000,'aqidah'),('979-592-201-7','Huru Hara Hari Kiamat','Ibnu Katsir','Pustaka Al-Kautsar','Umur Dunia sudah Tua. Berbagai  peristiwa  bencana alam yang menelan korban nyawa dan harta, mulai dari banjir bandang , kebakaran hutanpemanasan global,tanah longsor, angin topan, gunung meletus, gempa bumi, dan sebagainya adalah sebagian buktinya. Itupun belum ditambah dengan wabah penyakit, plus munculnya penyakit yang hingga sekarang belum ditemukan obatnya. Sebenarnya , semua bencana yang terjadi, tidaklah kosong dari pesan-pesan Ilahi.\r\n\r\nSeakan alam mengingatkan manusia agar sadar akan perangainya yang sudah tidak layak untuk mengemban amanah kekhalifan di muka bumi. Juga mengingatkan, akan kehidupan abadi pasca kehidupan fana ini. Ibnu Katsir, seorang ulama besar abad keenam Hijriyah, mencoba mengompilasikan peristiwa-peristiwadahsyat yang akan menimpa manusia,sebelum peristiwa kubra, yaitu Kiamat.\r\n\r\nDemikian Isi Buku yang kebenaran isinya tidak di ragukan lagi, karena bersumber dari Al-Qur’an dan sunnah Nabi.','979-592-201-7.jpg',43,1,92000,'aqidah');
/*!40000 ALTER TABLE `buku` ENABLE KEYS */;
UNLOCK TABLES;

--
-- Table structure for table `cart`
--

DROP TABLE IF EXISTS `cart`;
/*!40101 SET @saved_cs_client     = @@character_set_client */;
/*!40101 SET character_set_client = utf8 */;
CREATE TABLE `cart` (
  `cart_id` varchar(9) NOT NULL DEFAULT '',
  `username` varchar(8) DEFAULT NULL,
  `total` decimal(19,0) DEFAULT NULL,
  `tujuan` text,
  `tanggal` date DEFAULT NULL,
  `status` varchar(10) DEFAULT 'unpaid',
  PRIMARY KEY (`cart_id`)
) ENGINE=InnoDB DEFAULT CHARSET=utf8;
/*!40101 SET character_set_client = @saved_cs_client */;

--
-- Dumping data for table `cart`
--

LOCK TABLES `cart` WRITE;
/*!40000 ALTER TABLE `cart` DISABLE KEYS */;
INSERT INTO `cart` VALUES ('00000001','test',45000,'manamana','2014-08-04','paid'),('00000002','test',45000,'manamana','2014-08-04','canceled'),('00000003','test',45000,'manamana','2014-08-04','unpaid'),('00000004','test',45000,'manamana','2014-08-04','unpaid'),('00000005','test',45000,'Zedd','2014-08-04','unpaid'),('00000006','test',NULL,'Zedd','2014-08-04','canceled'),('00000007','test',36000,'Kendal','2014-08-04','unpaid'),('00000008','user',36000,'Hatimu','2014-08-04','sent'),('00000009','user',526000,'Rumah','2014-08-04','sent'),('00000011','user',58500,'Ke mana mana','2014-08-05','paid'),('00000012','pengguna',109000,'Jl. Raya Ragunan No. 5','2014-08-06','unpaid');
/*!40000 ALTER TABLE `cart` ENABLE KEYS */;
UNLOCK TABLES;

--
-- Table structure for table `cart_detail`
--

DROP TABLE IF EXISTS `cart_detail`;
/*!40101 SET @saved_cs_client     = @@character_set_client */;
/*!40101 SET character_set_client = utf8 */;
CREATE TABLE `cart_detail` (
  `cart_id` varchar(8) DEFAULT NULL,
  `ISBN` varchar(20) DEFAULT NULL,
  `jumlah` int(11) DEFAULT NULL,
  `subtotal` decimal(19,0) DEFAULT NULL,
  KEY `fk_ISBN` (`ISBN`),
  CONSTRAINT `cart_detail_ibfk_1` FOREIGN KEY (`ISBN`) REFERENCES `buku` (`ISBN`)
) ENGINE=InnoDB DEFAULT CHARSET=utf8;
/*!40101 SET character_set_client = @saved_cs_client */;

--
-- Dumping data for table `cart_detail`
--

LOCK TABLES `cart_detail` WRITE;
/*!40000 ALTER TABLE `cart_detail` DISABLE KEYS */;
INSERT INTO `cart_detail` VALUES ('00000001','979-3536-82-8',2,45000),('00000002','979-3536-82-8',2,45000),('00000003','979-3536-82-8',2,45000),('00000004','979-3536-82-8',2,45000),('00000005','979-3536-82-8',2,45000),('00000007','978-979-3536-',1,36000),('00000008','978-979-3536-',1,36000),('00000009','978-979-3536-',1,36000),('00000009','978-979-592-6',10,490000),('00000011','979-3536-82-8',1,22500),('00000011','978-979-3536-',1,36000),('00000012','978-979-592-5',1,109000);
/*!40000 ALTER TABLE `cart_detail` ENABLE KEYS */;
UNLOCK TABLES;

--
-- Table structure for table `user`
--

DROP TABLE IF EXISTS `user`;
/*!40101 SET @saved_cs_client     = @@character_set_client */;
/*!40101 SET character_set_client = utf8 */;
CREATE TABLE `user` (
  `username` varchar(8) NOT NULL,
  `password` varchar(10) NOT NULL,
  `nama` varchar(50) NOT NULL,
  `alamat` text,
  `telp` varchar(13) DEFAULT NULL,
  `email` varchar(50) DEFAULT NULL,
  `akses` int(1) NOT NULL DEFAULT '1',
  PRIMARY KEY (`username`)
) ENGINE=InnoDB DEFAULT CHARSET=utf8;
/*!40101 SET character_set_client = @saved_cs_client */;

--
-- Dumping data for table `user`
--

LOCK TABLES `user` WRITE;
/*!40000 ALTER TABLE `user` DISABLE KEYS */;
INSERT INTO `user` VALUES ('admin','admin','Administrator Toko','Jakarta','085777720630','admin@admin.com',0),('pengguna','pengguna','Pengguna Baru Banget','Depok','089991304534','pengguna@pengguna.com',1),('user','user','Pengguna Biasa Saja','Jakarta','08999130039','user@email.com',1);
/*!40000 ALTER TABLE `user` ENABLE KEYS */;
UNLOCK TABLES;
/*!40103 SET TIME_ZONE=@OLD_TIME_ZONE */;

/*!40101 SET SQL_MODE=@OLD_SQL_MODE */;
/*!40014 SET FOREIGN_KEY_CHECKS=@OLD_FOREIGN_KEY_CHECKS */;
/*!40014 SET UNIQUE_CHECKS=@OLD_UNIQUE_CHECKS */;
/*!40101 SET CHARACTER_SET_CLIENT=@OLD_CHARACTER_SET_CLIENT */;
/*!40101 SET CHARACTER_SET_RESULTS=@OLD_CHARACTER_SET_RESULTS */;
/*!40101 SET COLLATION_CONNECTION=@OLD_COLLATION_CONNECTION */;
/*!40111 SET SQL_NOTES=@OLD_SQL_NOTES */;

-- Dump completed on 2014-08-07 10:25:29
